User_ID,Timestamp,Subscription_Type,Monthly_Revenue,Watch_Time_Hours,Support_Tickets,Device
86168,2023-01-01 00:00:00,PRO,14.99,6.734278210859209,0,Computer
36177,2023-01-01 01:00:00,basic,14.99,6.542022881821895,1,Mobile
49259,2023-01-01 02:00:00,Pro,9.99,3.948015284691049,0,Computer
62876,2023-01-01 03:00:00,PRO,9.99,6.853776303301565,0,Computer
57197,2023-01-01 04:00:00,Basic,9.99,3.0766726134030664,0,TV
31538,2023-01-01 05:00:00,basic,14.99,4.879105321443545,1,Computer
27535,2023-01-01 06:00:00,Pro,14.99,4.202984202395959,2,TV
42949,2023-01-01 07:00:00,basic,9.99,3.0526259751872873,0,TV
44024,2023-01-01 08:00:00,PRO,14.99,5.973285945769395,1,TV
25387,2023-01-01 09:00:00,Basic,14.99,5.764919589491665,3,Computer
95689,2023-01-01 10:00:00,basic,14.99,6.562314406454501,0,Mobile
63966,2023-01-01 11:00:00,Ultra,9.99,3.124927926279444,1,Computer
57716,2023-01-01 12:00:00,basic,19.99,6.584008482516003,0,Mobile
16424,2023-01-01 13:00:00,PRO,9.99,1.521899401815439,0,Mobile
65363,2023-01-01 14:00:00,PRO,19.99,8.148212552179938,0,Computer
74171,2023-01-01 15:00:00,Ultra,19.99,9.061746307891216,1,Mobile
17275,2023-01-01 16:00:00,Basic,14.99,7.821329470473131,1,Computer
94978,2023-01-01 17:00:00,PRO,14.99,6.332138965573922,1,Computer
74108,2023-01-01 18:00:00,Basic,14.99,5.2167276449045135,0,Mobile
46175,2023-01-01 19:00:00,basic,14.99,6.075311601834944,0,Computer
67918,2023-01-01 20:00:00,Pro,14.99,4.462447480176739,0,TV
82381,2023-01-01 21:00:00,Ultra,14.99,7.608761597038315,0,Computer
50697,2023-01-01 22:00:00,Ultra,14.99,7.136939362426904,0,TV
39657,2023-01-01 23:00:00,Ultra,19.99,7.074036022469516,2,TV
44200,2023-01-02 00:00:00,Ultra,9.99,6.506408887434312,0,Computer
40808,2023-01-02 01:00:00,basic,14.99,2.846203112968701,1,Computer
60726,2023-01-02 02:00:00,Ultra,19.99,5.7784936081095495,0,TV
64942,2023-01-02 03:00:00,Pro,14.99,2.984933932214955,1,TV
28278,2023-01-02 04:00:00,PRO,14.99,4.632933006617458,1,Computer
83544,2023-01-02 05:00:00,basic,14.99,4.896100495451428,0,TV
74373,2023-01-02 06:00:00,basic,9.99,7.214252267352402,0,TV
25066,2023-01-02 07:00:00,Ultra,14.99,6.729554923520613,0,Mobile
42187,2023-01-02 08:00:00,Pro,19.99,2.570149392485989,0,Computer
69728,2023-01-02 09:00:00,Pro,9.99,1.831187084622821,0,Mobile
93125,2023-01-02 10:00:00,Ultra,14.99,4.544138436669643,2,Mobile
93411,2023-01-02 11:00:00,basic,19.99,4.24091743159703,0,Computer
14423,2023-01-02 12:00:00,Pro,19.99,4.818508340956475,0,Mobile
47145,2023-01-02 13:00:00,Ultra,9.99,2.898316084769645,3,Computer
49905,2023-01-02 14:00:00,Basic,9.99,6.7649116077118485,1,Mobile
94122,2023-01-02 15:00:00,Basic,14.99,4.1188076709980965,1,Computer
24996,2023-01-02 16:00:00,Ultra,9.99,7.567007857333481,1,TV
87626,2023-01-02 17:00:00,Ultra,14.99,4.327060101594861,0,Mobile
69145,2023-01-02 18:00:00,PRO,14.99,5.4865459630500695,1,Mobile
30135,2023-01-02 19:00:00,Ultra,19.99,2.918129204885417,0,Mobile
63769,2023-01-02 20:00:00,Ultra,14.99,5.862411773764201,0,Computer
56405,2023-01-02 21:00:00,PRO,9.99,1.8904015501876992,3,TV
97564,2023-01-02 22:00:00,PRO,14.99,3.687803948642378,1,Mobile
48160,2023-01-02 23:00:00,Ultra,19.99,4.6151558103116574,2,TV
80507,2023-01-03 00:00:00,Basic,14.99,1.155172487659784,2,Mobile
90659,2023-01-03 01:00:00,Ultra,9.99,7.620968268817322,0,Mobile
61150,2023-01-03 02:00:00,Basic,9.99,5.7460234849784575,0,Computer
16286,2023-01-03 03:00:00,Ultra,19.99,2.8049476305175727,1,Computer
77400,2023-01-03 04:00:00,Pro,19.99,6.7967102549723,2,Computer
41985,2023-01-03 05:00:00,Pro,19.99,5.623681923837367,3,Computer
50833,2023-01-03 06:00:00,Basic,14.99,5.895005815998834,0,TV
79126,2023-01-03 07:00:00,Pro,19.99,6.376885772592509,1,Computer
44164,2023-01-03 08:00:00,PRO,9.99,2.193691414038788,0,Mobile
10958,2023-01-03 09:00:00,Pro,9.99,6.579451137659714,0,Computer
41742,2023-01-03 10:00:00,Pro,19.99,3.13766548001529,0,Mobile
44112,2023-01-03 11:00:00,Basic,9.99,4.757437638958257,1,TV
22243,2023-01-03 12:00:00,basic,9.99,2.4174273098532817,1,TV
34298,2023-01-03 13:00:00,Basic,19.99,4.57380414546646,1,Computer
89489,2023-01-03 14:00:00,PRO,14.99,7.124499955110987,3,Computer
45623,2023-01-03 15:00:00,Pro,9.99,6.02316724983062,1,TV
55213,2023-01-03 16:00:00,Ultra,19.99,5.8851868260844205,0,Mobile
48201,2023-01-03 17:00:00,Ultra,,8.346563023508132,0,TV
87995,2023-01-03 18:00:00,basic,19.99,5.420764504053353,2,Computer
86689,2023-01-03 19:00:00,Pro,9.99,8.553554402836822,1,TV
53291,2023-01-03 20:00:00,basic,19.99,1.1129002601188356,1,TV
56791,2023-01-03 21:00:00,PRO,14.99,6.071212129020628,1,Computer
73634,2023-01-03 22:00:00,Basic,19.99,6.681619019807149,1,Computer
80737,2023-01-03 23:00:00,Basic,14.99,2.660416040878474,2,Mobile
32793,2023-01-04 00:00:00,Ultra,19.99,8.287014255544662,2,Computer
26593,2023-01-04 01:00:00,Ultra,9.99,3.4982364788516875,3,TV
83924,2023-01-04 02:00:00,Pro,19.99,6.606285203191334,1,Computer
83451,2023-01-04 03:00:00,PRO,14.99,5.532957824949113,1,Mobile
98894,2023-01-04 04:00:00,Pro,9.99,1.902829257411192,1,TV
43904,2023-01-04 05:00:00,basic,19.99,8.512789291375594,2,Computer
95143,2023-01-04 06:00:00,basic,14.99,5.420595970788554,1,Mobile
61940,2023-01-04 07:00:00,PRO,9.99,7.896628380235626,3,Computer
83567,2023-01-04 08:00:00,Ultra,19.99,3.781410131147922,0,TV
37113,2023-01-04 09:00:00,Pro,19.99,5.31354739158023,2,Mobile
40242,2023-01-04 10:00:00,Basic,14.99,3.4299458216924874,0,Mobile
89643,2023-01-04 11:00:00,basic,9.99,5.420538000554855,0,Computer
92015,2023-01-04 12:00:00,PRO,9.99,4.917719368945924,1,TV
37210,2023-01-04 13:00:00,Pro,9.99,3.768859019093833,0,Computer
35608,2023-01-04 14:00:00,PRO,14.99,7.779135177068367,1,Computer
99813,2023-01-04 15:00:00,Pro,9.99,5.434765628805869,0,Computer
58623,2023-01-04 16:00:00,Pro,9.99,6.334624516378998,0,Mobile
74031,2023-01-04 17:00:00,Pro,14.99,6.627952045782829,2,TV
27140,2023-01-04 18:00:00,Ultra,19.99,1.0666705058101869,2,Computer
93061,2023-01-04 19:00:00,basic,19.99,4.018944609270696,2,Mobile
43975,2023-01-04 20:00:00,PRO,9.99,9.686831430846892,1,Computer
20168,2023-01-04 21:00:00,Ultra,14.99,5.984492611176308,2,Computer
27588,2023-01-04 22:00:00,PRO,19.99,5.819336465723063,1,Computer
25464,2023-01-04 23:00:00,PRO,14.99,8.10736664043549,2,Computer
16053,2023-01-05 00:00:00,PRO,19.99,2.882950712753151,0,Computer
58132,2023-01-05 01:00:00,Basic,14.99,6.100347436408379,1,Computer
40271,2023-01-05 02:00:00,Pro,19.99,0.23203948786098483,1,Computer
12152,2023-01-05 03:00:00,Basic,9.99,6.094454649145847,0,Computer
91196,2023-01-05 04:00:00,Basic,9.99,6.032850375849378,0,Mobile
50443,2023-01-05 05:00:00,Ultra,14.99,3.740397935925058,0,TV
35427,2023-01-05 06:00:00,Pro,14.99,3.433396763348324,2,Computer
81778,2023-01-05 07:00:00,Ultra,9.99,2.296478388671227,1,Computer
12030,2023-01-05 08:00:00,Pro,19.99,0.926946767554834,2,Mobile
73946,2023-01-05 09:00:00,PRO,9.99,6.481819261829232,1,TV
90954,2023-01-05 10:00:00,PRO,9.99,3.9764937354512373,0,Mobile
13648,2023-01-05 11:00:00,Pro,14.99,5.666207156364214,0,TV
44904,2023-01-05 12:00:00,PRO,14.99,3.551657277705407,0,Computer
38228,2023-01-05 13:00:00,basic,19.99,6.254492708599653,1,Computer
12646,2023-01-05 14:00:00,Ultra,19.99,8.32955874034511,2,TV
98916,2023-01-05 15:00:00,Ultra,19.99,6.970174517614032,3,Mobile
64298,2023-01-05 16:00:00,Basic,9.99,0.17228621562922353,3,Computer
86312,2023-01-05 17:00:00,Basic,9.99,1.3120146838662148,1,Computer
23755,2023-01-05 18:00:00,basic,14.99,5.275117316882049,0,Mobile
26506,2023-01-05 19:00:00,Ultra,14.99,1.8139847193611294,1,TV
33104,2023-01-05 20:00:00,Pro,9.99,5.937803099540294,1,TV
23562,2023-01-05 21:00:00,basic,9.99,0.792225754390036,2,Mobile
37372,2023-01-05 22:00:00,Basic,14.99,5.291758373985727,1,Mobile
11344,2023-01-05 23:00:00,Ultra,19.99,2.0890742808218876,4,Computer
92353,2023-01-06 00:00:00,Basic,14.99,6.604813600551476,3,Computer
99955,2023-01-06 01:00:00,Ultra,14.99,4.277073552409523,1,Computer
60113,2023-01-06 02:00:00,Pro,9.99,5.554172705039438,2,TV
28697,2023-01-06 03:00:00,PRO,14.99,2.980735277289566,1,TV
40371,2023-01-06 04:00:00,Ultra,14.99,3.581585698793248,0,Computer
41174,2023-01-06 05:00:00,PRO,9.99,3.3413347644905356,1,Computer
16378,2023-01-06 06:00:00,Ultra,19.99,5.172191539527094,1,Computer
63834,2023-01-06 07:00:00,Ultra,9.99,3.05338667836336,0,Computer
65081,2023-01-06 08:00:00,PRO,14.99,2.8702593139308927,0,Mobile
40899,2023-01-06 09:00:00,Pro,19.99,5.26971684562539,1,Computer
42653,2023-01-06 10:00:00,Pro,19.99,7.259302807042291,3,Mobile
20824,2023-01-06 11:00:00,PRO,9.99,5.548480067063355,2,TV
97054,2023-01-06 12:00:00,PRO,14.99,3.4772908803762657,2,Computer
70723,2023-01-06 13:00:00,Pro,,2.9506608161474475,0,Mobile
43493,2023-01-06 14:00:00,PRO,14.99,5.486082870250352,0,TV
67332,2023-01-06 15:00:00,Pro,19.99,4.9486664388994335,1,Computer
71490,2023-01-06 16:00:00,Pro,19.99,5.098045790545568,1,Computer
44350,2023-01-06 17:00:00,Ultra,19.99,7.14806902989834,3,Computer
60345,2023-01-06 18:00:00,Pro,9.99,6.875375318817478,1,Mobile
31823,2023-01-06 19:00:00,Basic,14.99,1.4489912113101608,4,Mobile
80765,2023-01-06 20:00:00,Ultra,19.99,6.814093021211997,1,Computer
58563,2023-01-06 21:00:00,Pro,9.99,4.3194011935403545,1,TV
13748,2023-01-06 22:00:00,basic,19.99,3.2901510369977127,1,Mobile
81547,2023-01-06 23:00:00,Pro,14.99,1.9124876099891805,3,Mobile
49825,2023-01-07 00:00:00,PRO,14.99,2.199340415246103,1,Computer
31661,2023-01-07 01:00:00,basic,19.99,4.754035881302299,1,Mobile
85095,2023-01-07 02:00:00,Ultra,9.99,3.140923905817146,0,TV
66872,2023-01-07 03:00:00,PRO,14.99,7.188653579175311,0,Computer
11983,2023-01-07 04:00:00,Pro,19.99,1.4000448457908852,1,TV
54111,2023-01-07 05:00:00,basic,14.99,4.294793220423961,0,Mobile
34925,2023-01-07 06:00:00,Pro,9.99,1.133731586998517,0,Computer
93742,2023-01-07 07:00:00,Pro,19.99,6.4855588560434505,2,Mobile
93703,2023-01-07 08:00:00,Basic,14.99,5.973245591589079,0,TV
18919,2023-01-07 09:00:00,Basic,19.99,8.38757296647464,3,TV
63989,2023-01-07 10:00:00,Pro,19.99,4.197652267560176,0,Computer
10378,2023-01-07 11:00:00,PRO,19.99,4.468878978015271,1,Computer
57492,2023-01-07 12:00:00,Ultra,14.99,1.3103948045731224,0,Computer
69609,2023-01-07 13:00:00,Basic,9.99,5.484892696497468,2,TV
92650,2023-01-07 14:00:00,Basic,19.99,3.784628316097825,1,TV
23524,2023-01-07 15:00:00,PRO,9.99,5.6415494855840365,1,TV
95611,2023-01-07 16:00:00,Pro,19.99,5.471520715896881,2,TV
73627,2023-01-07 17:00:00,Ultra,19.99,3.682225875847525,0,TV
89625,2023-01-07 18:00:00,Basic,14.99,5.383691127076432,0,Mobile
90736,2023-01-07 19:00:00,Pro,19.99,5.3985145985243665,0,Mobile
28501,2023-01-07 20:00:00,Basic,19.99,3.0125400178872006,0,TV
33457,2023-01-07 21:00:00,Pro,9.99,3.4360117058306567,0,TV
64844,2023-01-07 22:00:00,PRO,14.99,2.058822012795554,0,Computer
74053,2023-01-07 23:00:00,Basic,14.99,4.793048734596869,0,Computer
91105,2023-01-08 00:00:00,Ultra,9.99,5.987942669517794,1,TV
65710,2023-01-08 01:00:00,PRO,19.99,4.515552927370444,1,Mobile
98669,2023-01-08 02:00:00,basic,19.99,5.044875405057136,0,Computer
34674,2023-01-08 03:00:00,basic,19.99,2.3820405576008135,3,Computer
91252,2023-01-08 04:00:00,PRO,9.99,4.711649587715959,1,TV
48071,2023-01-08 05:00:00,PRO,9.99,4.672062068051313,0,TV
54343,2023-01-08 06:00:00,Ultra,19.99,4.040865020767946,0,Mobile
24465,2023-01-08 07:00:00,Pro,19.99,5.413722984885076,2,Mobile
76931,2023-01-08 08:00:00,PRO,9.99,3.585943114060285,0,TV
25312,2023-01-08 09:00:00,Basic,9.99,4.963040230493446,0,Mobile
36207,2023-01-08 10:00:00,Basic,9.99,7.489237548713957,0,Computer
59754,2023-01-08 11:00:00,PRO,9.99,4.971612505551318,1,Computer
39823,2023-01-08 12:00:00,basic,14.99,6.5551437269980015,2,Mobile
34361,2023-01-08 13:00:00,Ultra,14.99,4.013448588058807,0,Mobile
24322,2023-01-08 14:00:00,Ultra,19.99,6.761091351687338,2,TV
10761,2023-01-08 15:00:00,Pro,14.99,5.34763590938796,0,TV
54456,2023-01-08 16:00:00,Ultra,14.99,7.615460412561756,0,TV
75569,2023-01-08 17:00:00,Basic,19.99,7.11392593716283,2,Mobile
69987,2023-01-08 18:00:00,basic,19.99,2.938582055570657,0,TV
39904,2023-01-08 19:00:00,PRO,9.99,8.005371715175603,1,Mobile
85102,2023-01-08 20:00:00,Pro,9.99,4.267025526864077,0,Mobile
14497,2023-01-08 21:00:00,Ultra,14.99,6.43724348385744,0,Computer
16171,2023-01-08 22:00:00,basic,19.99,4.031285374446842,1,Computer
62571,2023-01-08 23:00:00,Basic,9.99,5.338381737364723,1,Mobile
16627,2023-01-09 00:00:00,Pro,19.99,4.320567660392265,1,Mobile
76645,2023-01-09 01:00:00,Ultra,9.99,4.3626383771272526,1,TV
61857,2023-01-09 02:00:00,basic,14.99,8.590554416926373,0,Mobile
39935,2023-01-09 03:00:00,Ultra,14.99,5.879794440721603,0,Computer
95200,2023-01-09 04:00:00,Ultra,14.99,4.585481261561597,0,Mobile
51135,2023-01-09 05:00:00,Basic,14.99,4.269333000405188,0,Mobile
99224,2023-01-09 06:00:00,basic,19.99,6.465356235753164,1,Mobile
77773,2023-01-09 07:00:00,Pro,19.99,4.020663224103567,0,TV
64651,2023-01-09 08:00:00,Basic,19.99,2.731371492216166,0,Computer
23797,2023-01-09 09:00:00,Ultra,19.99,4.145269279660637,0,Mobile
15294,2023-01-09 10:00:00,Pro,19.99,5.618937280819841,0,Computer
30103,2023-01-09 11:00:00,Pro,9.99,4.306797795378796,0,Mobile
32390,2023-01-09 12:00:00,basic,19.99,5.512326907001257,0,Mobile
20405,2023-01-09 13:00:00,basic,9.99,7.159043235494878,1,TV
76861,2023-01-09 14:00:00,Pro,19.99,5.776993848432478,0,TV
97666,2023-01-09 15:00:00,basic,19.99,5.182713497289951,1,Mobile
63677,2023-01-09 16:00:00,Pro,14.99,5.241358745377141,1,Mobile
53464,2023-01-09 17:00:00,Pro,19.99,2.336649577572603,0,Mobile
85508,2023-01-09 18:00:00,basic,9.99,6.6170766203270315,3,TV
31795,2023-01-09 19:00:00,PRO,19.99,1.2626277388126779,2,Mobile
72847,2023-01-09 20:00:00,basic,14.99,7.545720538761872,0,Mobile
21624,2023-01-09 21:00:00,basic,9.99,7.710233696537478,1,TV
77780,2023-01-09 22:00:00,basic,19.99,3.875263330242584,0,Mobile
98474,2023-01-09 23:00:00,Pro,14.99,7.603626583079565,0,Mobile
94151,2023-01-10 00:00:00,basic,14.99,3.996887309218587,1,TV
36340,2023-01-10 01:00:00,PRO,14.99,4.067496274119934,2,Computer
40275,2023-01-10 02:00:00,Pro,9.99,4.019690320865878,2,Mobile
24768,2023-01-10 03:00:00,PRO,9.99,5.2256513149220245,1,Computer
99328,2023-01-10 04:00:00,Ultra,19.99,8.234886205658135,2,TV
98938,2023-01-10 05:00:00,basic,14.99,500.0,3,TV
51451,2023-01-10 06:00:00,PRO,19.99,3.400952329648846,1,Mobile
26899,2023-01-10 07:00:00,Pro,19.99,0.627095734803043,3,TV
46400,2023-01-10 08:00:00,PRO,14.99,3.229997464364642,1,TV
19606,2023-01-10 09:00:00,PRO,19.99,6.099158665482392,1,TV
15819,2023-01-10 10:00:00,Ultra,9.99,4.595569423480159,1,Computer
67045,2023-01-10 11:00:00,Pro,19.99,3.157658771779551,0,Computer
77091,2023-01-10 12:00:00,PRO,14.99,5.64854079774644,2,TV
45509,2023-01-10 13:00:00,Pro,9.99,4.228151052056711,0,Computer
76161,2023-01-10 14:00:00,Ultra,14.99,1.6020540620967996,3,Mobile
17479,2023-01-10 15:00:00,Basic,14.99,3.5938532747672163,0,Mobile
76820,2023-01-10 16:00:00,basic,19.99,4.700856812749871,0,TV
50350,2023-01-10 17:00:00,Ultra,19.99,6.260779098989817,0,TV
98173,2023-01-10 18:00:00,PRO,19.99,3.1372262582317854,2,TV
16452,2023-01-10 19:00:00,Pro,14.99,4.557486669823747,3,Mobile
49805,2023-01-10 20:00:00,basic,14.99,1.9865400733560357,0,Computer
77733,2023-01-10 21:00:00,basic,9.99,2.3504364630868095,2,Computer
17232,2023-01-10 22:00:00,basic,9.99,4.538808098970371,3,Computer
70680,2023-01-10 23:00:00,Basic,9.99,4.516870399639256,0,Computer
50075,2023-01-11 00:00:00,Basic,14.99,4.96045603917116,0,Computer
19561,2023-01-11 01:00:00,Basic,9.99,7.072631683848117,0,Computer
59071,2023-01-11 02:00:00,Basic,19.99,5.37437388047831,2,Mobile
89164,2023-01-11 03:00:00,Pro,19.99,8.048906442619877,2,TV
61106,2023-01-11 04:00:00,Pro,19.99,5.7253817030445315,1,Computer
24712,2023-01-11 05:00:00,Ultra,14.99,7.813235239459795,0,TV
32678,2023-01-11 06:00:00,Basic,9.99,7.448098867174711,1,Mobile
41268,2023-01-11 07:00:00,Pro,14.99,4.795290525415906,1,Computer
36779,2023-01-11 08:00:00,PRO,14.99,0.33594259509976343,0,TV
44943,2023-01-11 09:00:00,Basic,19.99,5.800634996895857,3,Mobile
19621,2023-01-11 10:00:00,basic,19.99,2.68691207671184,1,Mobile
70015,2023-01-11 11:00:00,PRO,9.99,3.5257008247727732,0,Mobile
77750,2023-01-11 12:00:00,Basic,19.99,0.5685443425799344,1,Mobile
13632,2023-01-11 13:00:00,Ultra,14.99,4.951843286416128,3,Computer
74235,2023-01-11 14:00:00,Basic,14.99,3.790088101642954,0,TV
12584,2023-01-11 15:00:00,Basic,14.99,8.2925698100199,1,Mobile
26083,2023-01-11 16:00:00,Pro,9.99,5.394175791483384,0,TV
56544,2023-01-11 17:00:00,Basic,19.99,3.750272317767455,5,TV
69486,2023-01-11 18:00:00,Basic,14.99,2.4510279535585124,3,Computer
73974,2023-01-11 19:00:00,basic,19.99,1.2703594493837524,1,Computer
85868,2023-01-11 20:00:00,basic,14.99,4.477255751535939,0,Mobile
49810,2023-01-11 21:00:00,Ultra,19.99,6.350386632594445,2,TV
91048,2023-01-11 22:00:00,PRO,9.99,2.136432301335734,0,TV
94919,2023-01-11 23:00:00,Ultra,9.99,3.835541175318384,2,TV
47892,2023-01-12 00:00:00,PRO,19.99,2.5409438453096747,1,Mobile
41062,2023-01-12 01:00:00,PRO,9.99,2.3133021679714068,2,Mobile
74170,2023-01-12 02:00:00,Pro,19.99,4.973837757707786,2,Mobile
64212,2023-01-12 03:00:00,Basic,14.99,3.2770509253840427,1,Mobile
92107,2023-01-12 04:00:00,PRO,,5.911300611182811,0,Mobile
56558,2023-01-12 05:00:00,Basic,9.99,6.081286938019306,0,Mobile
54576,2023-01-12 06:00:00,basic,9.99,1.6394071854690933,2,Mobile
57619,2023-01-12 07:00:00,Basic,9.99,3.9950786365625275,1,Mobile
87407,2023-01-12 08:00:00,Pro,,6.914571636027928,4,Computer
77459,2023-01-12 09:00:00,Basic,9.99,4.280680231264405,0,TV
89114,2023-01-12 10:00:00,PRO,14.99,4.060713359810719,1,TV
92898,2023-01-12 11:00:00,Pro,19.99,6.249054929747377,1,Computer
70892,2023-01-12 12:00:00,Ultra,9.99,5.208149596204376,1,Computer
12804,2023-01-12 13:00:00,Ultra,14.99,6.665693770448206,0,TV
71324,2023-01-12 14:00:00,basic,14.99,3.9727605819724605,0,TV
44130,2023-01-12 15:00:00,Pro,9.99,5.802026206808591,0,Computer
64206,2023-01-12 16:00:00,Basic,9.99,5.620333130457256,1,TV
52247,2023-01-12 17:00:00,Basic,14.99,500.0,1,Mobile
70535,2023-01-12 18:00:00,Ultra,19.99,6.248317914741443,0,Mobile
66652,2023-01-12 19:00:00,Basic,14.99,6.161068928015824,0,TV
87655,2023-01-12 20:00:00,PRO,9.99,4.413216784910739,2,TV
54877,2023-01-12 21:00:00,Ultra,19.99,6.924659931188444,2,Mobile
38418,2023-01-12 22:00:00,Pro,19.99,5.1556641238650744,0,Computer
41589,2023-01-12 23:00:00,basic,14.99,4.699085371092104,2,Computer
57918,2023-01-13 00:00:00,PRO,9.99,3.829615508993799,2,TV
60184,2023-01-13 01:00:00,Ultra,9.99,0.9952237409614133,2,TV
27862,2023-01-13 02:00:00,Ultra,9.99,6.952702006175694,1,Mobile
80011,2023-01-13 03:00:00,Ultra,9.99,7.565012864374814,1,Mobile
21708,2023-01-13 04:00:00,basic,14.99,5.828797294068802,5,TV
86030,2023-01-13 05:00:00,Ultra,9.99,3.329249745715111,0,Mobile
15719,2023-01-13 06:00:00,Pro,19.99,4.889268302390222,1,TV
34987,2023-01-13 07:00:00,Ultra,19.99,6.371271181795532,1,TV
89757,2023-01-13 08:00:00,Pro,14.99,5.968152220577513,0,Mobile
69191,2023-01-13 09:00:00,Basic,14.99,5.566539093087073,3,TV
21461,2023-01-13 10:00:00,Ultra,14.99,6.987491149069459,1,Mobile
31706,2023-01-13 11:00:00,basic,9.99,2.026591614443565,2,TV
54714,2023-01-13 12:00:00,basic,9.99,6.8191369012689576,1,Mobile
50935,2023-01-13 13:00:00,Ultra,14.99,6.483177006295955,3,TV
88315,2023-01-13 14:00:00,Ultra,19.99,1.4468993418298637,0,Computer
49068,2023-01-13 15:00:00,Pro,19.99,3.5480386381713513,1,Computer
35418,2023-01-13 16:00:00,Pro,9.99,8.927900301547762,0,TV
78136,2023-01-13 17:00:00,basic,9.99,8.263568866241524,1,Computer
93839,2023-01-13 18:00:00,PRO,14.99,1.4857517584432731,1,TV
12803,2023-01-13 19:00:00,Basic,19.99,3.9408416580126073,0,TV
92854,2023-01-13 20:00:00,PRO,14.99,5.389537705337099,2,Mobile
31433,2023-01-13 21:00:00,Basic,9.99,5.626491523095327,0,Mobile
77622,2023-01-13 22:00:00,basic,14.99,5.41085951707072,2,Computer
82449,2023-01-13 23:00:00,Pro,19.99,2.6098706716014135,1,TV
97555,2023-01-14 00:00:00,Ultra,19.99,4.363151585658668,0,Mobile
32190,2023-01-14 01:00:00,Pro,14.99,4.7904975022230065,0,Mobile
14509,2023-01-14 02:00:00,basic,,4.9507583690614645,0,Mobile
32527,2023-01-14 03:00:00,basic,19.99,3.547133229314307,0,TV
93945,2023-01-14 04:00:00,Ultra,19.99,5.277824677460439,0,Computer
14096,2023-01-14 05:00:00,PRO,14.99,2.3744357995861036,0,Computer
87339,2023-01-14 06:00:00,PRO,19.99,3.117512442961834,1,TV
33298,2023-01-14 07:00:00,Pro,14.99,7.396735388002417,0,Computer
50608,2023-01-14 08:00:00,Ultra,9.99,4.317168967072446,0,TV
73629,2023-01-14 09:00:00,basic,9.99,1.1169342837774807,1,Mobile
10329,2023-01-14 10:00:00,Pro,14.99,6.905488622490633,0,TV
65905,2023-01-14 11:00:00,basic,19.99,5.947759091088377,2,TV
41678,2023-01-14 12:00:00,Pro,19.99,5.296331909910723,0,Mobile
62490,2023-01-14 13:00:00,Basic,19.99,2.490894841006871,1,Computer
32632,2023-01-14 14:00:00,Ultra,14.99,4.370555994414628,0,Mobile
24925,2023-01-14 15:00:00,basic,9.99,2.586973861719886,1,Mobile
41047,2023-01-14 16:00:00,basic,14.99,2.407216537025176,0,TV
32275,2023-01-14 17:00:00,PRO,14.99,6.131543540320521,0,Computer
79840,2023-01-14 18:00:00,Ultra,14.99,1.8137029616530826,1,Computer
63768,2023-01-14 19:00:00,PRO,19.99,5.134610056593485,1,Mobile
28437,2023-01-14 20:00:00,PRO,14.99,5.246172646868507,1,Computer
86024,2023-01-14 21:00:00,Basic,9.99,6.214929849913949,2,Mobile
31628,2023-01-14 22:00:00,Ultra,19.99,2.101986649708062,1,TV
77816,2023-01-14 23:00:00,basic,9.99,5.6861637378062175,1,Mobile
89989,2023-01-15 00:00:00,Pro,9.99,5.207979626058433,0,Mobile
31508,2023-01-15 01:00:00,Pro,19.99,2.664983881674748,1,Mobile
39181,2023-01-15 02:00:00,Ultra,19.99,4.383118370321528,3,Mobile
96438,2023-01-15 03:00:00,Pro,19.99,2.200844917103595,1,Mobile
81907,2023-01-15 04:00:00,Ultra,9.99,5.36561526506213,1,TV
12938,2023-01-15 05:00:00,Ultra,9.99,9.475603902476934,2,Computer
87907,2023-01-15 06:00:00,PRO,14.99,0.02061663074862352,1,TV
40316,2023-01-15 07:00:00,Ultra,9.99,5.687744059147397,0,TV
93206,2023-01-15 08:00:00,PRO,19.99,7.154445848884283,0,Computer
52174,2023-01-15 09:00:00,Ultra,14.99,8.105242595435323,0,TV
74806,2023-01-15 10:00:00,Pro,14.99,2.5734033164215036,1,Computer
27049,2023-01-15 11:00:00,Basic,14.99,4.894724574647717,2,Computer
77152,2023-01-15 12:00:00,Basic,19.99,2.489333427242531,0,Mobile
24445,2023-01-15 13:00:00,Basic,14.99,4.212038008153655,0,Mobile
95423,2023-01-15 14:00:00,basic,19.99,4.583383005245874,0,TV
14514,2023-01-15 15:00:00,Ultra,14.99,6.196061821378435,1,Computer
12496,2023-01-15 16:00:00,Pro,9.99,8.356099546671857,0,Mobile
72910,2023-01-15 17:00:00,PRO,14.99,1.374932495721378,1,TV
85218,2023-01-15 18:00:00,basic,9.99,7.6514558438959455,2,TV
16998,2023-01-15 19:00:00,basic,14.99,4.790804010470628,2,TV
77041,2023-01-15 20:00:00,Basic,9.99,5.062887708620985,1,Computer
14347,2023-01-15 21:00:00,basic,9.99,7.072500517941174,0,Computer
36416,2023-01-15 22:00:00,PRO,9.99,5.77460568061003,1,Mobile
45241,2023-01-15 23:00:00,Basic,14.99,6.415383178143967,1,Mobile
79514,2023-01-16 00:00:00,basic,14.99,8.185958191581383,3,TV
61705,2023-01-16 01:00:00,Ultra,9.99,3.893535767106346,4,Mobile
12813,2023-01-16 02:00:00,Basic,14.99,3.4190586634322804,2,TV
49152,2023-01-16 03:00:00,Basic,19.99,3.462306275126725,1,Computer
29325,2023-01-16 04:00:00,basic,9.99,10.225743205554355,0,Mobile
99849,2023-01-16 05:00:00,basic,19.99,2.48124266001908,2,TV
96346,2023-01-16 06:00:00,Basic,14.99,1.7371149638612868,0,Mobile
74754,2023-01-16 07:00:00,basic,19.99,4.786298418057309,2,Mobile
96171,2023-01-16 08:00:00,Basic,14.99,10.106061849465245,1,Mobile
76076,2023-01-16 09:00:00,Basic,14.99,3.4964544760419445,0,Mobile
41273,2023-01-16 10:00:00,Pro,19.99,8.983387258190078,0,Mobile
41293,2023-01-16 11:00:00,PRO,19.99,4.554949214186862,0,TV
44904,2023-01-16 12:00:00,Pro,19.99,5.743298852829858,1,TV
74032,2023-01-16 13:00:00,Pro,19.99,0.9645320327537519,1,Computer
37372,2023-01-16 14:00:00,Ultra,,7.883916321645364,5,Computer
79378,2023-01-16 15:00:00,Pro,19.99,7.151741756215554,1,Mobile
41309,2023-01-16 16:00:00,PRO,9.99,4.989200890829609,3,Computer
95126,2023-01-16 17:00:00,Ultra,19.99,2.8531705864641554,2,Mobile
40728,2023-01-16 18:00:00,Pro,14.99,1.5869111290389957,0,Computer
87182,2023-01-16 19:00:00,PRO,,2.0931201371562334,2,Mobile
52755,2023-01-16 20:00:00,Ultra,19.99,3.5222413101325727,2,Computer
69336,2023-01-16 21:00:00,Ultra,14.99,4.985787012904843,2,Computer
56463,2023-01-16 22:00:00,Basic,9.99,9.313390472638794,0,Computer
86958,2023-01-16 23:00:00,PRO,9.99,1.872112859947685,5,Mobile
60440,2023-01-17 00:00:00,Basic,14.99,7.426283473566498,1,Computer
39087,2023-01-17 01:00:00,PRO,9.99,2.5049673398062837,0,Mobile
19197,2023-01-17 02:00:00,Ultra,9.99,4.987990824589327,1,TV
59728,2023-01-17 03:00:00,basic,9.99,6.418493880965322,0,TV
97141,2023-01-17 04:00:00,Basic,9.99,4.312681016364741,2,Computer
71679,2023-01-17 05:00:00,basic,19.99,7.008151996847102,0,Mobile
41029,2023-01-17 06:00:00,PRO,9.99,4.046928342724901,1,Mobile
69138,2023-01-17 07:00:00,PRO,9.99,3.8301898774789422,0,Mobile
44604,2023-01-17 08:00:00,Basic,19.99,5.45624473895527,2,Mobile
30636,2023-01-17 09:00:00,Pro,19.99,9.461216976014892,1,Mobile
48296,2023-01-17 10:00:00,Pro,9.99,5.598992264103199,1,Computer
97145,2023-01-17 11:00:00,Basic,19.99,3.3146687565157413,1,Mobile
67061,2023-01-17 12:00:00,PRO,9.99,1.3154196277909627,0,Computer
99409,2023-01-17 13:00:00,Ultra,19.99,3.6714437909093607,0,Computer
82602,2023-01-17 14:00:00,PRO,9.99,6.470992404077117,3,Computer
38360,2023-01-17 15:00:00,PRO,14.99,-0.20025434993427194,1,Computer
58046,2023-01-17 16:00:00,Basic,9.99,,0,Computer
98871,2023-01-17 17:00:00,Pro,19.99,,0,Mobile
10680,2023-01-17 18:00:00,basic,14.99,,1,Mobile
39442,2023-01-17 19:00:00,PRO,19.99,,1,Mobile
79322,2023-01-17 20:00:00,PRO,9.99,,3,Mobile
38941,2023-01-17 21:00:00,PRO,19.99,,0,TV
92367,2023-01-17 22:00:00,Ultra,19.99,,3,Mobile
83992,2023-01-17 23:00:00,Pro,19.99,,2,TV
28564,2023-01-18 00:00:00,basic,9.99,,0,Mobile
28784,2023-01-18 01:00:00,Basic,9.99,,1,Mobile
42624,2023-01-18 02:00:00,Basic,19.99,,1,TV
23168,2023-01-18 03:00:00,Ultra,19.99,,1,Computer
93853,2023-01-18 04:00:00,Basic,9.99,,1,Mobile
43525,2023-01-18 05:00:00,Basic,9.99,,1,Computer
61829,2023-01-18 06:00:00,basic,19.99,,1,Computer
72130,2023-01-18 07:00:00,basic,9.99,,0,Computer
85360,2023-01-18 08:00:00,PRO,9.99,5.035300204262789,0,Mobile
58371,2023-01-18 09:00:00,PRO,9.99,3.9040669074246486,0,TV
96926,2023-01-18 10:00:00,Ultra,9.99,9.099213184591143,1,Mobile
65305,2023-01-18 11:00:00,Basic,19.99,6.463360172168733,1,Computer
54139,2023-01-18 12:00:00,Basic,9.99,2.8568582459488154,1,TV
69352,2023-01-18 13:00:00,Ultra,19.99,7.9963104037547375,0,Computer
54062,2023-01-18 14:00:00,Basic,9.99,3.821286111557205,1,TV
22654,2023-01-18 15:00:00,Basic,9.99,4.209077319223627,0,TV
62545,2023-01-18 16:00:00,PRO,9.99,3.926422478278448,2,Mobile
34532,2023-01-18 17:00:00,Pro,9.99,5.964313813354639,3,TV
84103,2023-01-18 18:00:00,Ultra,14.99,2.874168231267316,0,TV
13584,2023-01-18 19:00:00,Pro,19.99,2.1517752726218653,1,Computer
74390,2023-01-18 20:00:00,Basic,9.99,6.004740956640219,0,Mobile
62399,2023-01-18 21:00:00,basic,9.99,6.33146760284389,1,TV
26689,2023-01-18 22:00:00,Pro,19.99,5.165442564521135,1,Mobile
22628,2023-01-18 23:00:00,Pro,9.99,5.123836152803586,1,Computer
34567,2023-01-19 00:00:00,Basic,14.99,3.8361110205627353,0,TV
41251,2023-01-19 01:00:00,Ultra,19.99,6.192598929711442,2,TV
13523,2023-01-19 02:00:00,basic,14.99,5.966601042899226,1,TV
10722,2023-01-19 03:00:00,basic,14.99,7.301762860969992,1,TV
44683,2023-01-19 04:00:00,Ultra,19.99,5.690245698686157,1,TV
65229,2023-01-19 05:00:00,Ultra,9.99,3.487435354521867,0,TV
36778,2023-01-19 06:00:00,Ultra,14.99,4.526306105806963,1,Mobile
89818,2023-01-19 07:00:00,Pro,9.99,5.735363880688815,1,Mobile
71117,2023-01-19 08:00:00,Pro,19.99,3.157330325978477,1,Computer
75113,2023-01-19 09:00:00,Pro,19.99,2.281564164712011,0,Computer
69196,2023-01-19 10:00:00,PRO,14.99,7.7459947584829525,1,TV
28449,2023-01-19 11:00:00,Pro,19.99,9.663625075572185,2,Mobile
19703,2023-01-19 12:00:00,Pro,14.99,3.0372894132537542,0,Mobile
21924,2023-01-19 13:00:00,Basic,9.99,2.0774331758344706,1,TV
37067,2023-01-19 14:00:00,Basic,14.99,7.987489007184253,1,TV
60572,2023-01-19 15:00:00,Pro,14.99,5.105847197680156,0,Mobile
34633,2023-01-19 16:00:00,Ultra,,4.25943285224043,1,Computer
47286,2023-01-19 17:00:00,Pro,14.99,6.375861115996191,1,TV
38179,2023-01-19 18:00:00,PRO,19.99,6.157781575794893,2,TV
18281,2023-01-19 19:00:00,Basic,19.99,3.265874668590393,1,Mobile
41066,2023-01-19 20:00:00,basic,14.99,2.203120522423464,2,Mobile
94660,2023-01-19 21:00:00,Ultra,14.99,3.0107109218299355,3,Computer
56531,2023-01-19 22:00:00,Ultra,14.99,6.160392883675287,1,TV
24128,2023-01-19 23:00:00,PRO,19.99,5.948351647515155,2,TV
87358,2023-01-20 00:00:00,Basic,14.99,4.864593760420257,1,Computer
38687,2023-01-20 01:00:00,Basic,19.99,4.5011256290166335,1,TV
12869,2023-01-20 02:00:00,basic,9.99,3.6937559085005005,3,Computer
89363,2023-01-20 03:00:00,Basic,19.99,4.473504729644846,0,TV
86977,2023-01-20 04:00:00,basic,19.99,7.378015244011797,1,Mobile
64040,2023-01-20 05:00:00,PRO,19.99,3.560922760249368,0,TV
58479,2023-01-20 06:00:00,Pro,19.99,5.785426930906294,0,Computer
10801,2023-01-20 07:00:00,PRO,9.99,5.545674503728664,0,Mobile
76032,2023-01-20 08:00:00,basic,14.99,3.3385086196651814,1,Computer
40520,2023-01-20 09:00:00,Pro,14.99,6.680414383058182,0,Computer
66339,2023-01-20 10:00:00,Basic,14.99,5.286304456524108,1,Computer
85742,2023-01-20 11:00:00,basic,9.99,4.817403057457347,1,Mobile
10968,2023-01-20 12:00:00,Pro,19.99,7.37801920666708,1,Computer
52239,2023-01-20 13:00:00,Basic,9.99,5.255264959190702,0,TV
22955,2023-01-20 14:00:00,Ultra,19.99,4.067794461682286,0,TV
12602,2023-01-20 15:00:00,basic,19.99,4.309352109193478,1,Computer
66688,2023-01-20 16:00:00,Basic,14.99,2.9609587488547358,1,Mobile
18511,2023-01-20 17:00:00,Ultra,14.99,5.059120408527217,2,TV
63731,2023-01-20 18:00:00,Pro,14.99,7.82502232751882,2,TV
10901,2023-01-20 19:00:00,Ultra,19.99,5.053457595425235,0,Mobile
15977,2023-01-20 20:00:00,Ultra,9.99,2.9118635169554383,1,Mobile
47473,2023-01-20 21:00:00,PRO,9.99,4.651189111783034,0,Mobile
24949,2023-01-20 22:00:00,Ultra,9.99,5.196074844615088,2,TV
21983,2023-01-20 23:00:00,Basic,14.99,7.305803627550247,1,Computer
96030,2023-01-21 00:00:00,PRO,19.99,4.332824006879163,1,Mobile
93939,2023-01-21 01:00:00,Basic,14.99,4.742210702417841,0,Mobile
28539,2023-01-21 02:00:00,Pro,19.99,4.226981749806749,1,TV
94818,2023-01-21 03:00:00,Basic,19.99,5.373346362893699,1,Computer
43133,2023-01-21 04:00:00,PRO,9.99,1.4342521154132224,0,TV
56755,2023-01-21 05:00:00,Basic,19.99,2.561249956269717,0,Computer
26084,2023-01-21 06:00:00,Ultra,9.99,5.079282399225176,2,Mobile
50710,2023-01-21 07:00:00,PRO,19.99,2.0625947000736033,2,Computer
77433,2023-01-21 08:00:00,PRO,9.99,2.772734060382505,0,TV
53659,2023-01-21 09:00:00,PRO,9.99,7.3564834124457175,1,Mobile
36199,2023-01-21 10:00:00,Ultra,19.99,5.495050646155127,1,Mobile
29728,2023-01-21 11:00:00,Ultra,,1.001862834758914,1,Mobile
69652,2023-01-21 12:00:00,Pro,14.99,3.249437049359508,0,Mobile
74435,2023-01-21 13:00:00,Ultra,14.99,2.9177307249169897,1,TV
42661,2023-01-21 14:00:00,Pro,14.99,4.8355321186184135,2,Computer
50796,2023-01-21 15:00:00,Ultra,14.99,3.0589090874674607,2,Computer
59863,2023-01-21 16:00:00,Basic,9.99,0.6940109904340588,1,TV
65195,2023-01-21 17:00:00,Pro,19.99,3.6447603800773107,1,Mobile
55954,2023-01-21 18:00:00,PRO,9.99,4.309545160860656,0,Mobile
82626,2023-01-21 19:00:00,Basic,9.99,3.256128304480952,1,TV
51409,2023-01-21 20:00:00,Basic,19.99,5.968942631395331,0,TV
27672,2023-01-21 21:00:00,Ultra,19.99,3.434612240283104,1,Computer
60368,2023-01-21 22:00:00,Pro,19.99,1.5348726650995532,1,Computer
21671,2023-01-21 23:00:00,Pro,14.99,5.9001872890615505,1,Computer
30271,2023-01-22 00:00:00,Ultra,9.99,7.386482886502866,1,Computer
91029,2023-01-22 01:00:00,Ultra,14.99,2.8217319329766317,0,Computer
73200,2023-01-22 02:00:00,Pro,9.99,4.40596023826307,1,Mobile
39551,2023-01-22 03:00:00,Pro,9.99,7.010622698562102,0,Mobile
37658,2023-01-22 04:00:00,Basic,19.99,5.194601450739827,0,Mobile
49350,2023-01-22 05:00:00,basic,9.99,7.247006168356034,2,Computer
48086,2023-01-22 06:00:00,basic,19.99,1.1819174187748804,0,Computer
37510,2023-01-22 07:00:00,PRO,19.99,5.71920412243821,2,TV
95365,2023-01-22 08:00:00,Ultra,19.99,4.452545114424262,1,Computer
49076,2023-01-22 09:00:00,PRO,9.99,4.9019213969820665,1,TV
37850,2023-01-22 10:00:00,Pro,9.99,4.965338977764261,0,Computer
53348,2023-01-22 11:00:00,Pro,9.99,8.63577205591033,2,TV
47028,2023-01-22 12:00:00,Ultra,14.99,6.091214187750635,1,TV
96704,2023-01-22 13:00:00,PRO,14.99,5.242310210279109,1,TV
99471,2023-01-22 14:00:00,Ultra,9.99,2.056203000619873,1,TV
91732,2023-01-22 15:00:00,Ultra,14.99,4.802740219522572,0,TV
25775,2023-01-22 16:00:00,Pro,,2.868351143764814,0,Mobile
56831,2023-01-22 17:00:00,Basic,9.99,5.783635708338187,1,Computer
21807,2023-01-22 18:00:00,Pro,9.99,5.5258987642971995,2,TV
37864,2023-01-22 19:00:00,PRO,14.99,6.299622790021919,1,Computer
48414,2023-01-22 20:00:00,Pro,19.99,4.239865437280875,2,TV
92641,2023-01-22 21:00:00,Pro,9.99,4.292973393204437,0,TV
64541,2023-01-22 22:00:00,Pro,14.99,6.4579025095907445,0,TV
60514,2023-01-22 23:00:00,basic,9.99,9.315880922789933,0,TV
41387,2023-01-23 00:00:00,Ultra,19.99,4.1822908329428135,0,Computer
49672,2023-01-23 01:00:00,PRO,9.99,4.774050616759492,3,TV
58945,2023-01-23 02:00:00,basic,19.99,3.304003084292887,0,Computer
40510,2023-01-23 03:00:00,PRO,9.99,9.083478224310781,0,TV
28022,2023-01-23 04:00:00,PRO,14.99,9.080580217358465,1,Mobile
84592,2023-01-23 05:00:00,basic,14.99,1.998031073371747,0,Computer
86121,2023-01-23 06:00:00,PRO,14.99,6.053302404068814,0,Mobile
44396,2023-01-23 07:00:00,basic,19.99,5.775225786372432,0,Mobile
20836,2023-01-23 08:00:00,PRO,9.99,6.217100836324729,2,Computer
87282,2023-01-23 09:00:00,basic,14.99,4.644245304960508,4,Computer
32590,2023-01-23 10:00:00,Ultra,9.99,3.0297843027964726,1,Mobile
65213,2023-01-23 11:00:00,Pro,19.99,4.8354368397076035,2,TV
57723,2023-01-23 12:00:00,PRO,14.99,1.6854303567509215,0,TV
64559,2023-01-23 13:00:00,Basic,19.99,6.058402903179353,0,Mobile
99349,2023-01-23 14:00:00,basic,19.99,2.634034958101108,1,Computer
23643,2023-01-23 15:00:00,PRO,9.99,5.808953725058715,1,Mobile
26446,2023-01-23 16:00:00,Ultra,19.99,3.5674251376903214,1,TV
38234,2023-01-23 17:00:00,PRO,14.99,6.948429977911163,0,Mobile
56561,2023-01-23 18:00:00,basic,14.99,7.4953923298417475,2,TV
95465,2023-01-23 19:00:00,PRO,14.99,4.904813697596467,1,Mobile
45777,2023-01-23 20:00:00,basic,14.99,3.33646500030319,0,TV
90217,2023-01-23 21:00:00,PRO,14.99,4.671207972591684,2,Mobile
62180,2023-01-23 22:00:00,Ultra,19.99,2.4039353836289843,0,Computer
77291,2023-01-23 23:00:00,Pro,9.99,1.9863728963884482,0,Mobile
45184,2023-01-24 00:00:00,basic,19.99,3.241814159907144,0,Computer
71472,2023-01-24 01:00:00,PRO,14.99,4.934825686160835,0,Computer
31193,2023-01-24 02:00:00,basic,19.99,5.177249754313359,0,TV
27450,2023-01-24 03:00:00,Basic,14.99,4.305120710969513,1,Mobile
26840,2023-01-24 04:00:00,Pro,19.99,2.712455062866342,0,TV
45891,2023-01-24 05:00:00,PRO,19.99,7.109601276363991,3,TV
12195,2023-01-24 06:00:00,Basic,9.99,3.0946119445584435,1,Mobile
69405,2023-01-24 07:00:00,Basic,9.99,6.421855213911553,2,Mobile
25859,2023-01-24 08:00:00,PRO,19.99,5.862072127329162,1,Mobile
17920,2023-01-24 09:00:00,basic,19.99,4.385805445991835,0,Computer
27490,2023-01-24 10:00:00,Ultra,19.99,6.7554853861780595,0,Computer
75937,2023-01-24 11:00:00,Pro,19.99,3.491735503763484,0,Computer
65953,2023-01-24 12:00:00,PRO,9.99,6.501612615615015,3,TV
25484,2023-01-24 13:00:00,basic,9.99,3.2286397139034193,0,Computer
16763,2023-01-24 14:00:00,Basic,9.99,500.0,1,TV
52205,2023-01-24 15:00:00,basic,14.99,5.4424434932089465,1,TV
31222,2023-01-24 16:00:00,basic,14.99,6.4139549418877335,0,Computer
59653,2023-01-24 17:00:00,Basic,9.99,5.196633977490069,2,Mobile
13927,2023-01-24 18:00:00,Pro,9.99,3.769704369039271,1,Computer
86963,2023-01-24 19:00:00,Basic,19.99,6.398378043194256,2,TV
25290,2023-01-24 20:00:00,Basic,14.99,5.540275685806963,0,Computer
60036,2023-01-24 21:00:00,PRO,9.99,8.217191956879466,2,Mobile
14935,2023-01-24 22:00:00,Basic,14.99,4.24106757888971,1,Computer
86905,2023-01-24 23:00:00,Ultra,14.99,4.2384784773836675,1,Computer
57164,2023-01-25 00:00:00,PRO,14.99,8.39306629570181,0,Mobile
74699,2023-01-25 01:00:00,PRO,14.99,3.040964947363867,2,TV
46901,2023-01-25 02:00:00,Basic,19.99,0.9431838230359046,0,TV
50222,2023-01-25 03:00:00,Basic,14.99,4.392644250360843,0,Computer
90940,2023-01-25 04:00:00,Basic,14.99,5.197459559726855,1,Computer
27405,2023-01-25 05:00:00,basic,19.99,2.5868756195309217,1,Mobile
81647,2023-01-25 06:00:00,Ultra,9.99,6.4198175501812615,1,Mobile
21615,2023-01-25 07:00:00,PRO,9.99,3.0475869157378903,1,Computer
48888,2023-01-25 08:00:00,Pro,9.99,1.7840333420344376,0,TV
39684,2023-01-25 09:00:00,Basic,9.99,3.38344134650451,1,TV
55906,2023-01-25 10:00:00,basic,19.99,4.388109759812362,0,Mobile
69242,2023-01-25 11:00:00,PRO,14.99,6.6471732466615645,1,Mobile
34489,2023-01-25 12:00:00,Pro,19.99,3.8229844223578215,0,TV
94089,2023-01-25 13:00:00,Ultra,9.99,5.437524657668685,2,TV
96735,2023-01-25 14:00:00,Basic,9.99,8.525606049548886,2,Mobile
79874,2023-01-25 15:00:00,Ultra,19.99,4.021614982174693,2,Mobile
93443,2023-01-25 16:00:00,Pro,19.99,4.230082514378486,2,Computer
50845,2023-01-25 17:00:00,basic,14.99,6.0372637745254085,0,Mobile
27384,2023-01-25 18:00:00,Pro,14.99,4.068345601594097,0,Mobile
91401,2023-01-25 19:00:00,Pro,9.99,1.7069164697975223,2,Computer
48448,2023-01-25 20:00:00,Ultra,9.99,7.245011642636179,1,TV
17592,2023-01-25 21:00:00,Pro,9.99,5.13025927978587,4,Mobile
24585,2023-01-25 22:00:00,Pro,14.99,7.00625783628773,2,Mobile
73855,2023-01-25 23:00:00,Ultra,19.99,4.560500543134538,1,TV
82301,2023-01-26 00:00:00,Ultra,19.99,6.084716499253897,0,TV
78998,2023-01-26 01:00:00,basic,14.99,5.8707392578692765,3,Mobile
58046,2023-01-26 02:00:00,PRO,19.99,1.1954669028438376,0,TV
95592,2023-01-26 03:00:00,basic,9.99,3.204477879046621,0,Mobile
94134,2023-01-26 04:00:00,Pro,9.99,7.393036975322791,2,TV
25793,2023-01-26 05:00:00,Pro,19.99,5.378813055974921,0,TV
39537,2023-01-26 06:00:00,Pro,19.99,2.6817845125105846,0,Mobile
49188,2023-01-26 07:00:00,Ultra,9.99,5.82021073964219,2,Computer
72307,2023-01-26 08:00:00,basic,14.99,1.1853287483977675,0,TV
84341,2023-01-26 09:00:00,PRO,9.99,2.2741014505081667,0,Computer
60373,2023-01-26 10:00:00,PRO,19.99,3.7843236039889003,0,Computer
10296,2023-01-26 11:00:00,Basic,19.99,3.0928517664695563,2,Mobile
58563,2023-01-26 12:00:00,PRO,14.99,5.543328448961232,1,TV
73798,2023-01-26 13:00:00,Basic,14.99,8.164081173480147,2,TV
66480,2023-01-26 14:00:00,Basic,14.99,4.446662879869256,1,TV
85056,2023-01-26 15:00:00,basic,9.99,9.718651119663782,0,Mobile
98516,2023-01-26 16:00:00,Ultra,19.99,7.656023657075702,1,Computer
17037,2023-01-26 17:00:00,Pro,19.99,7.839311766705764,1,Mobile
87653,2023-01-26 18:00:00,Ultra,14.99,5.468593092738502,0,Mobile
74654,2023-01-26 19:00:00,Ultra,14.99,8.047725107424975,1,Computer
23726,2023-01-26 20:00:00,PRO,9.99,5.591301716667084,1,Computer
88023,2023-01-26 21:00:00,Ultra,14.99,2.8383116537357007,0,TV
52483,2023-01-26 22:00:00,basic,9.99,5.982227718146263,0,Mobile
43560,2023-01-26 23:00:00,basic,14.99,8.220799856399212,2,TV
97145,2023-01-27 00:00:00,Ultra,9.99,2.7405350643726503,1,TV
40639,2023-01-27 01:00:00,Pro,9.99,2.1609035323031858,0,Computer
52204,2023-01-27 02:00:00,Ultra,19.99,2.7961100833505115,1,Computer
42352,2023-01-27 03:00:00,Basic,14.99,6.395618238201657,3,Computer
12501,2023-01-27 04:00:00,Pro,9.99,4.795640451308182,0,Computer
32051,2023-01-27 05:00:00,PRO,14.99,4.614870165126566,0,TV
46285,2023-01-27 06:00:00,PRO,19.99,2.730825060447464,1,TV
31594,2023-01-27 07:00:00,Ultra,14.99,3.95918401128477,0,Computer
57048,2023-01-27 08:00:00,basic,9.99,6.27186499270684,1,Computer
45440,2023-01-27 09:00:00,basic,19.99,8.855038803610976,0,Mobile
92673,2023-01-27 10:00:00,PRO,19.99,6.906618165711317,0,Computer
77989,2023-01-27 11:00:00,PRO,14.99,4.632858780086423,1,Computer
45282,2023-01-27 12:00:00,Basic,19.99,4.952543493610189,0,Mobile
67639,2023-01-27 13:00:00,Ultra,19.99,6.417457822104199,1,TV
31402,2023-01-27 14:00:00,Pro,9.99,4.790736385389635,3,Mobile
60004,2023-01-27 15:00:00,PRO,19.99,5.169285082415557,0,Computer
87051,2023-01-27 16:00:00,Pro,14.99,3.675916702952489,0,Computer
86130,2023-01-27 17:00:00,PRO,9.99,7.356579332919624,0,Mobile
42564,2023-01-27 18:00:00,Ultra,,3.535483900717458,3,Mobile
61354,2023-01-27 19:00:00,Basic,14.99,4.048268861722711,1,TV
38409,2023-01-27 20:00:00,Basic,9.99,4.47692460017503,0,Mobile
83249,2023-01-27 21:00:00,Basic,9.99,4.35509273768744,1,Computer
58602,2023-01-27 22:00:00,Ultra,14.99,2.628400689513043,1,Mobile
62126,2023-01-27 23:00:00,PRO,19.99,4.118690252611892,2,Mobile
11029,2023-01-28 00:00:00,Pro,9.99,-0.2248156061836628,0,TV
42744,2023-01-28 01:00:00,basic,19.99,8.946586751765444,0,TV
17289,2023-01-28 02:00:00,PRO,9.99,5.941765387136335,2,Mobile
86668,2023-01-28 03:00:00,Basic,9.99,5.580687648704348,2,Mobile
13332,2023-01-28 04:00:00,Ultra,19.99,5.443701769498922,2,Computer
25934,2023-01-28 05:00:00,Ultra,14.99,6.721601261469885,0,Mobile
29391,2023-01-28 06:00:00,basic,9.99,7.538070197932834,2,Computer
84407,2023-01-28 07:00:00,Pro,,3.40423625484426,2,Mobile
20057,2023-01-28 08:00:00,Pro,19.99,4.651656084576217,2,TV
30584,2023-01-28 09:00:00,Basic,19.99,7.558570251045836,0,Computer
67595,2023-01-28 10:00:00,PRO,14.99,4.623051184493832,1,Computer
11894,2023-01-28 11:00:00,Ultra,19.99,7.23030525773617,1,Mobile
70666,2023-01-28 12:00:00,basic,14.99,3.7985923180230667,1,Computer
29011,2023-01-28 13:00:00,Pro,14.99,4.281534284957566,2,TV
44698,2023-01-28 14:00:00,PRO,9.99,2.133441432497672,2,TV
95123,2023-01-28 15:00:00,Ultra,14.99,5.012583555284455,2,TV
11841,2023-01-28 16:00:00,PRO,19.99,3.3998370721734688,2,TV
66427,2023-01-28 17:00:00,basic,19.99,5.88108411488588,0,TV
89498,2023-01-28 18:00:00,Pro,19.99,8.430185717879684,1,TV
37487,2023-01-28 19:00:00,PRO,14.99,3.3743786332301364,1,TV
22995,2023-01-28 20:00:00,Basic,14.99,5.6314973958094035,0,TV
60910,2023-01-28 21:00:00,Basic,14.99,4.02697601324075,1,TV
47274,2023-01-28 22:00:00,Pro,14.99,5.229159851752753,1,Computer
11772,2023-01-28 23:00:00,Ultra,9.99,5.167811419995325,2,TV
43432,2023-01-29 00:00:00,Pro,19.99,2.6113529485049125,0,Computer
38113,2023-01-29 01:00:00,Ultra,9.99,4.447328703828479,1,TV
28224,2023-01-29 02:00:00,basic,14.99,5.72844305604266,1,TV
57936,2023-01-29 03:00:00,Basic,14.99,4.282873869629901,1,Mobile
27110,2023-01-29 04:00:00,Ultra,19.99,1.5584358438921342,1,TV
31685,2023-01-29 05:00:00,PRO,14.99,2.931754193260919,1,Mobile
48613,2023-01-29 06:00:00,Ultra,19.99,4.312133273159754,3,Mobile
31407,2023-01-29 07:00:00,basic,9.99,5.341336995423369,1,TV
67956,2023-01-29 08:00:00,Ultra,19.99,4.961130747588148,0,Computer
13758,2023-01-29 09:00:00,Basic,14.99,6.490140955916424,1,Mobile
91462,2023-01-29 10:00:00,Basic,19.99,6.898439403051879,2,Mobile
46406,2023-01-29 11:00:00,Pro,19.99,6.029894146823255,1,Computer
12568,2023-01-29 12:00:00,Basic,14.99,5.573328795408616,2,Computer
19249,2023-01-29 13:00:00,PRO,,3.9816353558623514,1,Mobile
53785,2023-01-29 14:00:00,PRO,9.99,4.594225344907581,2,Mobile
72158,2023-01-29 15:00:00,Ultra,14.99,5.524533362483192,0,Mobile
32777,2023-01-29 16:00:00,Basic,14.99,5.631723441387319,1,Computer
79958,2023-01-29 17:00:00,PRO,,2.0943344247103854,3,TV
24922,2023-01-29 18:00:00,Pro,9.99,8.584921750462723,3,TV
60439,2023-01-29 19:00:00,PRO,19.99,4.32833572190266,1,Mobile
16221,2023-01-29 20:00:00,Basic,14.99,5.432959242784796,1,TV
84901,2023-01-29 21:00:00,PRO,9.99,4.847867441677165,0,Computer
84399,2023-01-29 22:00:00,Basic,14.99,6.0780962761840005,1,Mobile
40693,2023-01-29 23:00:00,basic,9.99,0.5978508145671135,1,TV
84669,2023-01-30 00:00:00,Ultra,9.99,5.011071883070332,0,Mobile
96896,2023-01-30 01:00:00,Pro,19.99,5.554234367589065,0,Mobile
48127,2023-01-30 02:00:00,basic,19.99,5.453235878190521,2,Mobile
82412,2023-01-30 03:00:00,basic,9.99,0.49299044041858053,2,Mobile
31572,2023-01-30 04:00:00,PRO,14.99,8.109910621005838,2,Computer
32965,2023-01-30 05:00:00,PRO,9.99,7.108233010154871,0,Computer
43249,2023-01-30 06:00:00,PRO,9.99,4.576130173036485,0,Computer
93058,2023-01-30 07:00:00,Basic,19.99,2.8647372056222085,1,Computer
92114,2023-01-30 08:00:00,Pro,14.99,4.227002131059946,1,Computer
54586,2023-01-30 09:00:00,PRO,9.99,3.932556808630503,0,TV
73653,2023-01-30 10:00:00,PRO,9.99,5.322039981633487,0,TV
19015,2023-01-30 11:00:00,basic,19.99,5.545007317463838,0,Mobile
26245,2023-01-30 12:00:00,Ultra,19.99,5.506132315746217,1,Mobile
15336,2023-01-30 13:00:00,PRO,14.99,7.0979080258096,0,Mobile
50713,2023-01-30 14:00:00,basic,9.99,4.832427471815698,1,Computer
81347,2023-01-30 15:00:00,Ultra,19.99,7.354041625522433,0,Mobile
16539,2023-01-30 16:00:00,Ultra,14.99,5.9898776886730625,1,Mobile
23276,2023-01-30 17:00:00,Pro,14.99,3.533696435996894,1,TV
54833,2023-01-30 18:00:00,Ultra,14.99,3.2675965527008195,1,Mobile
70499,2023-01-30 19:00:00,Pro,19.99,7.6850726518161885,0,Mobile
79564,2023-01-30 20:00:00,PRO,9.99,5.203674114968795,1,Mobile
39195,2023-01-30 21:00:00,Pro,14.99,3.758882270629476,0,Mobile
51794,2023-01-30 22:00:00,Ultra,9.99,8.773591541737737,0,Mobile
85099,2023-01-30 23:00:00,PRO,14.99,5.978455817781803,0,Computer
16576,2023-01-31 00:00:00,Ultra,19.99,6.213769663903056,2,TV
87869,2023-01-31 01:00:00,Pro,19.99,7.097041491507497,0,Computer
63725,2023-01-31 02:00:00,Basic,9.99,4.731938219003424,1,Mobile
70364,2023-01-31 03:00:00,basic,14.99,7.021909175745794,0,TV
23889,2023-01-31 04:00:00,basic,14.99,2.1163806104606637,3,Mobile
24519,2023-01-31 05:00:00,basic,19.99,5.660312542626946,2,Computer
63307,2023-01-31 06:00:00,Pro,19.99,7.927760309010352,1,Mobile
33426,2023-01-31 07:00:00,Ultra,9.99,3.679417807771241,0,TV
95009,2023-01-31 08:00:00,PRO,9.99,5.00390846055404,2,Computer
39244,2023-01-31 09:00:00,basic,14.99,6.847385090024003,0,Computer
86985,2023-01-31 10:00:00,Pro,14.99,4.835017878423449,1,Computer
97743,2023-01-31 11:00:00,PRO,,6.153029634288478,0,Mobile
20572,2023-01-31 12:00:00,basic,14.99,1.042706252509972,2,Computer
17609,2023-01-31 13:00:00,basic,14.99,6.906909926886257,2,Mobile
67022,2023-01-31 14:00:00,Pro,19.99,6.074190015549917,0,TV
53992,2023-01-31 15:00:00,Pro,14.99,5.862343154663681,0,Mobile
59890,2023-01-31 16:00:00,Basic,19.99,2.095687494970714,0,Mobile
22068,2023-01-31 17:00:00,PRO,9.99,3.9214307435315092,1,Computer
50249,2023-01-31 18:00:00,basic,19.99,4.447065475692528,0,Mobile
60571,2023-01-31 19:00:00,Basic,14.99,4.1475006396557905,1,Mobile
23296,2023-01-31 20:00:00,PRO,,4.276071136727497,0,Mobile
54477,2023-01-31 21:00:00,Basic,19.99,5.738261419474122,2,Computer
42182,2023-01-31 22:00:00,basic,19.99,5.809031026980969,1,Computer
44013,2023-01-31 23:00:00,Pro,19.99,4.62099205881096,1,TV
62970,2023-02-01 00:00:00,Basic,9.99,5.118077232988583,1,Mobile
57780,2023-02-01 01:00:00,Ultra,9.99,5.55013070391783,1,Mobile
25178,2023-02-01 02:00:00,Pro,14.99,6.475343575770565,0,Mobile
59315,2023-02-01 03:00:00,Pro,19.99,2.2870319942075272,0,TV
89553,2023-02-01 04:00:00,PRO,14.99,7.392784001089997,1,TV
36549,2023-02-01 05:00:00,Pro,9.99,5.2048470410584295,1,TV
66033,2023-02-01 06:00:00,PRO,9.99,7.1463388045451754,2,Mobile
29341,2023-02-01 07:00:00,basic,9.99,3.252011090629182,1,TV
30243,2023-02-01 08:00:00,PRO,9.99,7.802391153726187,1,Mobile
42765,2023-02-01 09:00:00,basic,19.99,8.698797723764574,0,Mobile
41026,2023-02-01 10:00:00,Pro,14.99,3.617708798349451,1,Computer
85829,2023-02-01 11:00:00,Ultra,14.99,6.388426827428,0,TV
35195,2023-02-01 12:00:00,Basic,19.99,5.966813643894801,2,Mobile
20148,2023-02-01 13:00:00,Ultra,9.99,6.309894623834256,0,Computer
96170,2023-02-01 14:00:00,Basic,14.99,5.395639825778576,0,TV
79937,2023-02-01 15:00:00,Ultra,9.99,2.945115359060174,0,TV
35288,2023-02-01 16:00:00,basic,14.99,5.45900794776613,1,TV
26788,2023-02-01 17:00:00,Pro,19.99,1.2974791071469118,2,TV
58839,2023-02-01 18:00:00,Basic,,7.446791114383318,1,Computer
95855,2023-02-01 19:00:00,Basic,19.99,1.7610375950877075,1,Computer
92585,2023-02-01 20:00:00,basic,14.99,3.5922974895083404,0,TV
92293,2023-02-01 21:00:00,PRO,19.99,3.5857593663765224,2,TV
40237,2023-02-01 22:00:00,Basic,19.99,4.283277443462804,0,Mobile
19003,2023-02-01 23:00:00,Basic,14.99,6.486903158867784,1,Computer
49126,2023-02-02 00:00:00,Pro,9.99,-0.46681783910569763,0,Mobile
46484,2023-02-02 01:00:00,Basic,19.99,4.40665020509736,0,TV
27011,2023-02-02 02:00:00,basic,14.99,7.439469902117644,0,TV
41255,2023-02-02 03:00:00,basic,14.99,2.9936132210431965,0,Mobile
23454,2023-02-02 04:00:00,Basic,9.99,1.3668040736735563,0,Computer
94433,2023-02-02 05:00:00,PRO,9.99,5.984788906702345,1,Mobile
80240,2023-02-02 06:00:00,basic,9.99,2.109862547965707,2,Mobile
28299,2023-02-02 07:00:00,Basic,9.99,8.83120111110697,0,Mobile
41838,2023-02-02 08:00:00,Ultra,19.99,1.829740726923669,4,Mobile
35154,2023-02-02 09:00:00,basic,19.99,2.641124280896472,0,Computer
15847,2023-02-02 10:00:00,basic,14.99,5.031135269643567,1,Computer
37108,2023-02-02 11:00:00,basic,9.99,6.593863784397207,0,Mobile
15035,2023-02-02 12:00:00,PRO,14.99,1.9838192375390808,4,Computer
33044,2023-02-02 13:00:00,Ultra,9.99,6.581151177128205,1,Mobile
90103,2023-02-02 14:00:00,PRO,19.99,7.144010533627776,0,Mobile
30842,2023-02-02 15:00:00,Ultra,9.99,5.29797352402653,0,TV
74896,2023-02-02 16:00:00,Ultra,19.99,0.5587208582550955,0,Mobile
70504,2023-02-02 17:00:00,Pro,14.99,2.8796693109797795,0,TV
84889,2023-02-02 18:00:00,Ultra,9.99,6.770829437232276,2,TV
94940,2023-02-02 19:00:00,Pro,19.99,7.914779878235146,0,TV
63407,2023-02-02 20:00:00,Pro,14.99,6.229518556690764,2,Computer
69971,2023-02-02 21:00:00,basic,9.99,6.7811254176243825,0,Mobile
18082,2023-02-02 22:00:00,Pro,19.99,3.2468983714151154,0,Computer
81981,2023-02-02 23:00:00,Basic,14.99,2.5898915133048774,1,TV
25346,2023-02-03 00:00:00,Basic,9.99,4.0704755076047885,2,Computer
27463,2023-02-03 01:00:00,Ultra,19.99,4.8035496561963305,1,Computer
49892,2023-02-03 02:00:00,Pro,19.99,4.059469348084865,0,TV
54717,2023-02-03 03:00:00,Ultra,14.99,3.379352355943592,1,TV
32236,2023-02-03 04:00:00,PRO,9.99,2.96772325355927,2,TV
48279,2023-02-03 05:00:00,Basic,9.99,4.766970300213532,1,Mobile
25285,2023-02-03 06:00:00,PRO,19.99,2.320661679615231,2,Mobile
37464,2023-02-03 07:00:00,Pro,9.99,5.4798569818535885,2,TV
32309,2023-02-03 08:00:00,Pro,14.99,7.405115327869022,0,TV
80928,2023-02-03 09:00:00,Pro,14.99,7.024398929855662,0,Computer
57885,2023-02-03 10:00:00,basic,9.99,8.522839832021933,0,Computer
99480,2023-02-03 11:00:00,PRO,9.99,7.73430457464983,2,Mobile
88681,2023-02-03 12:00:00,Basic,19.99,4.1695710377319415,3,Mobile
13949,2023-02-03 13:00:00,PRO,9.99,5.024506887773194,2,TV
95760,2023-02-03 14:00:00,Ultra,19.99,9.60333467220281,1,Mobile
30474,2023-02-03 15:00:00,Ultra,9.99,5.664224232803946,0,Computer
33134,2023-02-03 16:00:00,PRO,19.99,4.667424152855865,0,TV
77261,2023-02-03 17:00:00,Ultra,9.99,3.2538936748167124,0,TV
89467,2023-02-03 18:00:00,PRO,9.99,3.828162562190837,3,Computer
28058,2023-02-03 19:00:00,Basic,9.99,4.39132291920236,1,Mobile
73144,2023-02-03 20:00:00,PRO,9.99,5.694111167415591,1,TV
48405,2023-02-03 21:00:00,basic,14.99,1.2880193087402216,1,Mobile
74090,2023-02-03 22:00:00,basic,9.99,2.6200176326108298,1,Mobile
86364,2023-02-03 23:00:00,basic,14.99,4.133303153395274,1,Mobile
87631,2023-02-04 00:00:00,Ultra,19.99,6.937294264381654,0,Computer
23020,2023-02-04 01:00:00,basic,19.99,5.69884413289797,2,Mobile
56770,2023-02-04 02:00:00,basic,19.99,2.0863490989362,1,Computer
63166,2023-02-04 03:00:00,Basic,9.99,3.763430296321082,2,TV
85769,2023-02-04 04:00:00,Basic,14.99,3.455897093634722,0,Mobile
52336,2023-02-04 05:00:00,Basic,9.99,1.1942977138356041,1,Computer
66409,2023-02-04 06:00:00,basic,19.99,5.128978691781995,2,Mobile
74654,2023-02-04 07:00:00,PRO,9.99,5.54191064828647,2,Mobile
79471,2023-02-04 08:00:00,PRO,19.99,2.79350778958402,1,TV
16179,2023-02-04 09:00:00,Pro,19.99,3.642941469049922,1,Mobile
61898,2023-02-04 10:00:00,Pro,19.99,3.122527775267449,0,TV
98245,2023-02-04 11:00:00,Pro,9.99,6.452610384256903,0,Computer
17952,2023-02-04 12:00:00,PRO,14.99,7.630761074235054,2,Mobile
27952,2023-02-04 13:00:00,Ultra,14.99,3.2633117327162022,0,Computer
10964,2023-02-04 14:00:00,basic,19.99,1.954179350575385,2,TV
62786,2023-02-04 15:00:00,PRO,14.99,4.315347514154582,1,TV
14843,2023-02-04 16:00:00,basic,19.99,7.184446106994929,0,Mobile
21338,2023-02-04 17:00:00,Ultra,14.99,4.65406037364631,1,Computer
64263,2023-02-04 18:00:00,Ultra,14.99,6.34354331634208,0,Mobile
57326,2023-02-04 19:00:00,Ultra,19.99,3.937872893629044,0,TV
77987,2023-02-04 20:00:00,PRO,14.99,2.8446439945423365,3,Mobile
70623,2023-02-04 21:00:00,Ultra,9.99,5.131972494985056,1,Mobile
40289,2023-02-04 22:00:00,Ultra,19.99,1.8391262275875424,2,TV
84505,2023-02-04 23:00:00,PRO,14.99,6.3279935021947376,2,Computer
11847,2023-02-05 00:00:00,Pro,9.99,7.448237632704916,1,Computer
10194,2023-02-05 01:00:00,basic,19.99,7.60169580644032,1,Computer
94611,2023-02-05 02:00:00,Basic,9.99,3.427598643485476,2,Mobile
93198,2023-02-05 03:00:00,basic,14.99,6.000205471614734,1,Computer
77852,2023-02-05 04:00:00,basic,14.99,5.380639573635139,0,Computer
36491,2023-02-05 05:00:00,Pro,9.99,5.366140443661809,1,Mobile
61469,2023-02-05 06:00:00,PRO,19.99,0.8509866020630907,1,TV
84894,2023-02-05 07:00:00,Basic,14.99,6.706733862857405,0,TV
46495,2023-02-05 08:00:00,Basic,9.99,500.0,0,Mobile
79338,2023-02-05 09:00:00,Basic,14.99,3.5035197777621163,0,TV
94541,2023-02-05 10:00:00,Ultra,9.99,5.785981620808832,1,Mobile
65611,2023-02-05 11:00:00,Pro,19.99,8.770808298175664,2,Mobile
66052,2023-02-05 12:00:00,PRO,14.99,5.776716421001386,1,Computer
88685,2023-02-05 13:00:00,Pro,19.99,7.640674653459927,4,Computer
29329,2023-02-05 14:00:00,Pro,14.99,4.822597778912675,2,Computer
95513,2023-02-05 15:00:00,basic,14.99,4.265481037866114,1,Mobile
87051,2023-02-05 16:00:00,basic,19.99,6.319722202893114,2,TV
98412,2023-02-05 17:00:00,Ultra,9.99,5.237038507041805,1,Computer
38760,2023-02-05 18:00:00,Ultra,19.99,6.8074715508023145,2,Computer
74226,2023-02-05 19:00:00,basic,14.99,4.6438427337859345,2,Computer
88025,2023-02-05 20:00:00,PRO,19.99,2.737359020675718,0,Computer
36797,2023-02-05 21:00:00,basic,19.99,4.76353053927552,2,Computer
20293,2023-02-05 22:00:00,Pro,19.99,1.5151789750501328,2,Computer
42107,2023-02-05 23:00:00,Ultra,19.99,4.365144957312124,0,Mobile
78999,2023-02-06 00:00:00,Ultra,9.99,6.146078672165826,1,Mobile
65631,2023-02-06 01:00:00,Basic,19.99,6.522629361795127,1,Mobile
39908,2023-02-06 02:00:00,Pro,14.99,3.422165168161845,0,Computer
27701,2023-02-06 03:00:00,Ultra,14.99,6.143101361113825,1,Computer
26835,2023-02-06 04:00:00,Ultra,14.99,6.107130596837896,0,Computer
20802,2023-02-06 05:00:00,Pro,,7.656903013400547,2,TV
37009,2023-02-06 06:00:00,basic,19.99,3.5588304904234427,0,TV
89790,2023-02-06 07:00:00,basic,19.99,6.193197419768813,0,Mobile
18873,2023-02-06 08:00:00,Pro,19.99,4.668204594697708,4,Mobile
99301,2023-02-06 09:00:00,basic,14.99,6.641317746185578,0,Computer
86209,2023-02-06 10:00:00,Pro,9.99,2.403472536688405,2,Mobile
79315,2023-02-06 11:00:00,Basic,19.99,2.1612735542443855,0,Mobile
68512,2023-02-06 12:00:00,Pro,9.99,5.521353512813246,2,TV
91217,2023-02-06 13:00:00,basic,14.99,5.744189265622936,3,Computer
83014,2023-02-06 14:00:00,PRO,19.99,4.360143293598205,0,TV
84353,2023-02-06 15:00:00,PRO,14.99,3.7573013950214413,1,Computer
80227,2023-02-06 16:00:00,Ultra,14.99,3.9045878198161645,0,Mobile
48260,2023-02-06 17:00:00,basic,19.99,5.63139991892826,1,TV
92189,2023-02-06 18:00:00,basic,14.99,2.4082707927349185,1,Computer
99904,2023-02-06 19:00:00,Pro,9.99,7.720353239997341,1,Mobile
33680,2023-02-06 20:00:00,Ultra,14.99,3.6954333173001626,1,Mobile
70501,2023-02-06 21:00:00,PRO,14.99,6.5094101396204005,1,Computer
29298,2023-02-06 22:00:00,basic,9.99,5.017111918603258,0,TV
80125,2023-02-06 23:00:00,Ultra,14.99,1.9798016694329683,1,Computer
30788,2023-02-07 00:00:00,PRO,14.99,5.879261469415515,2,TV
44521,2023-02-07 01:00:00,Pro,14.99,7.680926460352834,2,Computer
49244,2023-02-07 02:00:00,PRO,19.99,2.757920338453906,3,Computer
19484,2023-02-07 03:00:00,basic,19.99,4.761046128146564,0,TV
31129,2023-02-07 04:00:00,PRO,9.99,2.152817341683995,3,Mobile
87067,2023-02-07 05:00:00,Basic,19.99,6.399594526193838,3,Mobile
63741,2023-02-07 06:00:00,basic,9.99,3.8684747417932224,0,Mobile
46874,2023-02-07 07:00:00,Pro,9.99,1.8471556990712164,3,TV
50033,2023-02-07 08:00:00,Pro,14.99,7.079354773027678,1,Mobile
14394,2023-02-07 09:00:00,Basic,9.99,9.3765352433854,0,Mobile
30156,2023-02-07 10:00:00,Pro,9.99,1.6864713298636347,1,Computer
82016,2023-02-07 11:00:00,PRO,9.99,7.926899031474797,1,Mobile
92529,2023-02-07 12:00:00,basic,9.99,8.713379003942245,3,TV
36214,2023-02-07 13:00:00,PRO,,3.233725087704987,1,TV
74895,2023-02-07 14:00:00,PRO,14.99,500.0,2,Computer
61849,2023-02-07 15:00:00,basic,9.99,4.210091533008706,0,Computer
57521,2023-02-07 16:00:00,PRO,19.99,5.206550806735887,0,Mobile
13252,2023-02-07 17:00:00,PRO,19.99,4.394842497868459,2,Computer
14741,2023-02-07 18:00:00,Basic,14.99,7.7961002685958825,1,TV
77247,2023-02-07 19:00:00,Basic,19.99,7.770051830933355,0,TV
54948,2023-02-07 20:00:00,Ultra,14.99,3.8468172992295067,1,Computer
28267,2023-02-07 21:00:00,PRO,9.99,4.770519157919054,1,TV
48102,2023-02-07 22:00:00,Basic,9.99,6.697197871332969,2,TV
43635,2023-02-07 23:00:00,basic,19.99,6.619387392158712,1,Computer
67916,2023-02-08 00:00:00,basic,9.99,3.971120383668099,2,Computer
46502,2023-02-08 01:00:00,basic,19.99,2.6212933858610112,1,Mobile
30449,2023-02-08 02:00:00,PRO,19.99,4.087291463537382,2,TV
43015,2023-02-08 03:00:00,Basic,14.99,6.144869654909813,0,TV
86324,2023-02-08 04:00:00,Basic,19.99,4.223491309328074,1,TV
90672,2023-02-08 05:00:00,Ultra,19.99,7.516897612684187,0,Computer
61040,2023-02-08 06:00:00,PRO,14.99,5.381788329669557,3,Mobile
31853,2023-02-08 07:00:00,PRO,19.99,4.354044086412679,0,Mobile
25307,2023-02-08 08:00:00,Ultra,9.99,2.273442359501551,0,Mobile
52037,2023-02-08 09:00:00,Pro,14.99,8.198128448230843,0,TV
73122,2023-02-08 10:00:00,PRO,19.99,3.335874988134315,1,TV
57579,2023-02-08 11:00:00,Ultra,9.99,4.545125030978739,0,Mobile
22434,2023-02-08 12:00:00,Basic,9.99,2.5638917978695464,0,Mobile
11620,2023-02-08 13:00:00,PRO,9.99,4.302732939559585,0,TV
43996,2023-02-08 14:00:00,Ultra,14.99,2.9015910801619733,0,Computer
93147,2023-02-08 15:00:00,Pro,14.99,6.230179070343475,1,TV
77644,2023-02-08 16:00:00,Pro,9.99,1.522307373920297,0,Mobile
43578,2023-02-08 17:00:00,Basic,9.99,6.176663375846606,1,Computer
91388,2023-02-08 18:00:00,Pro,9.99,1.9431707575626471,1,Mobile
22365,2023-02-08 19:00:00,Pro,9.99,5.053365676320595,0,TV
39233,2023-02-08 20:00:00,PRO,9.99,5.994448985335468,3,TV
55254,2023-02-08 21:00:00,basic,9.99,4.738304341690477,1,Mobile
32572,2023-02-08 22:00:00,Pro,9.99,5.98473574199486,1,Computer
96863,2023-02-08 23:00:00,Ultra,9.99,3.2529523125641218,1,Computer
45843,2023-02-09 00:00:00,Pro,9.99,7.427798432988215,1,Mobile
34862,2023-02-09 01:00:00,Pro,19.99,5.599716526347004,2,Computer
17662,2023-02-09 02:00:00,Pro,9.99,3.8220157883936614,1,TV
16865,2023-02-09 03:00:00,basic,14.99,5.009249878616205,2,Computer
76499,2023-02-09 04:00:00,basic,9.99,1.4013189887911777,2,Computer
56229,2023-02-09 05:00:00,Pro,14.99,-0.4830403736514848,0,Mobile
64566,2023-02-09 06:00:00,Basic,14.99,2.467072121593598,0,Computer
52769,2023-02-09 07:00:00,Ultra,14.99,5.121972576524571,4,Computer
47540,2023-02-09 08:00:00,Pro,9.99,2.544487282214195,2,TV
95660,2023-02-09 09:00:00,basic,9.99,4.037935956280135,0,TV
26178,2023-02-09 10:00:00,Ultra,14.99,4.744591410342777,1,TV
21711,2023-02-09 11:00:00,Pro,19.99,2.693990850048165,0,Computer
38002,2023-02-09 12:00:00,Basic,14.99,7.88024024373512,2,Mobile
63588,2023-02-09 13:00:00,Pro,9.99,3.6238801677569583,1,TV
77270,2023-02-09 14:00:00,Ultra,19.99,2.16890443992531,1,TV
61614,2023-02-09 15:00:00,PRO,14.99,5.44837968098596,1,Computer
88390,2023-02-09 16:00:00,Basic,19.99,7.280812254955698,0,Mobile
66128,2023-02-09 17:00:00,Ultra,14.99,4.998358047244646,1,TV
24821,2023-02-09 18:00:00,Basic,19.99,6.383166332210034,0,Mobile
52783,2023-02-09 19:00:00,basic,14.99,2.8860700579670415,1,Computer
63682,2023-02-09 20:00:00,Pro,19.99,7.8917840967298485,0,Mobile
37266,2023-02-09 21:00:00,Ultra,19.99,7.738181994064709,0,Computer
11812,2023-02-09 22:00:00,PRO,14.99,7.572116353702356,2,TV
74137,2023-02-09 23:00:00,Ultra,14.99,9.052286586555367,1,Computer
58692,2023-02-10 00:00:00,Basic,14.99,4.143740894031719,1,TV
93332,2023-02-10 01:00:00,basic,19.99,5.725568121954183,1,Mobile
30463,2023-02-10 02:00:00,Pro,14.99,3.4322653134795633,3,TV
93875,2023-02-10 03:00:00,basic,9.99,8.510154023094914,0,TV
85186,2023-02-10 04:00:00,Pro,9.99,4.803415487468664,2,Computer
26186,2023-02-10 05:00:00,Basic,9.99,3.462824414268101,2,Computer
67983,2023-02-10 06:00:00,PRO,9.99,4.672465724148558,0,TV
43113,2023-02-10 07:00:00,basic,9.99,8.16548970492676,1,Mobile
30448,2023-02-10 08:00:00,Pro,19.99,6.46912682389576,0,TV
38307,2023-02-10 09:00:00,Basic,19.99,5.332310435611321,1,TV
44673,2023-02-10 10:00:00,basic,14.99,5.577130804227757,3,Mobile
30390,2023-02-10 11:00:00,PRO,19.99,4.585357780586669,0,Computer
64177,2023-02-10 12:00:00,basic,19.99,-0.3391008967331519,1,TV
88037,2023-02-10 13:00:00,PRO,9.99,1.4190523031704347,0,Computer
67014,2023-02-10 14:00:00,Pro,,1.2555893150499227,1,TV
74653,2023-02-10 15:00:00,Ultra,14.99,2.8496118107988027,1,TV
78311,2023-02-10 16:00:00,basic,9.99,11.124128266707924,2,Mobile
13110,2023-02-10 17:00:00,Pro,9.99,3.886188976192625,2,Mobile
86929,2023-02-10 18:00:00,PRO,14.99,4.3224623751549585,1,TV
11774,2023-02-10 19:00:00,PRO,9.99,2.495505376834837,2,Computer
40698,2023-02-10 20:00:00,Ultra,19.99,-3.222438973715219,0,TV
65547,2023-02-10 21:00:00,Basic,19.99,4.854308241155181,1,TV
17056,2023-02-10 22:00:00,PRO,14.99,5.080258726300504,3,Computer
80635,2023-02-10 23:00:00,PRO,19.99,1.9529914126599373,0,Computer
14812,2023-02-11 00:00:00,PRO,9.99,5.982491435424575,0,TV
29313,2023-02-11 01:00:00,Ultra,19.99,3.0695952804904185,2,Mobile
22695,2023-02-11 02:00:00,PRO,19.99,6.831968048043953,0,TV
79932,2023-02-11 03:00:00,PRO,9.99,4.896015622813742,0,Computer
79155,2023-02-11 04:00:00,Ultra,14.99,5.570346206263667,2,Mobile
29244,2023-02-11 05:00:00,PRO,9.99,3.0801940766731226,0,Computer
43132,2023-02-11 06:00:00,Ultra,14.99,5.924581929003492,1,TV
65212,2023-02-11 07:00:00,Ultra,9.99,5.425978093286048,1,Mobile
28805,2023-02-11 08:00:00,Pro,9.99,4.2095474219619735,1,Computer
49436,2023-02-11 09:00:00,Ultra,9.99,3.487237569480341,0,Computer
67697,2023-02-11 10:00:00,PRO,14.99,4.716667302174976,1,TV
87981,2023-02-11 11:00:00,Pro,9.99,6.162308348331637,1,Computer
36509,2023-02-11 12:00:00,Pro,14.99,7.049552740063424,1,TV
36424,2023-02-11 13:00:00,PRO,14.99,6.435966124783411,3,TV
92292,2023-02-11 14:00:00,Pro,14.99,3.398476377353777,1,Mobile
23891,2023-02-11 15:00:00,basic,9.99,3.0095988651780563,0,Computer
